ano,fonte,geracao_gwh,participacao_geracao_pct,crescimento_anual_pct,renovavel,capacidade_mw,geracao_por_mw
2011,Eólica,2704.5,0.6054442353289284,,true,1424.9922000000001,1.8979
2011,Hidráulica,428332.919871,95.8889617812922,,true,82458.9,5.1945
2011,Nuclear,15659.376,3.5055939833788776,,false,2007.0,7.8024
2011,Solar fotovoltaica,0.0,0.0,,true,0.8,0.0
2012,Eólica,5050.046375,1.157120383751609,86.72754205953042,true,1891.8742599999998,2.6693
2012,Hidráulica,415342.175458,95.16762060510564,-3.0328615453868,true,84294.00000000001,4.9273
2012,Nuclear,16038.4,3.6748889385717383,2.4204285023873284,false,2007.0,7.9912
2012,Solar fotovoltaica,1.615116,0.000370072571011462,inf,true,2.082,0.7758
2013,Eólica,6578.409847,1.1393868829709946,30.264345285344028,true,2201.744,2.9878
2013,Hidráulica,390649.181802,67.66081225412438,-5.945217007825154,true,86018.19054999997,4.5415
2013,Nuclear,15449.69,2.6759010978915896,-3.6706279928172325,false,1990.0,7.7637
2013,Solar fotovoltaica,4.793593,0.0008302548964765921,196.79558619938135,true,4.892340000000001,0.9798
2013,Térmica,164681.939152,28.523069510116567,,false,36528.47617000014,4.5083
2014,Eólica,12240.349685,2.05276348745179,86.0685176157283,true,4887.6890300000005,2.5043
2014,Hidráulica,373439.060474,62.627464725843595,-4.405518334535485,true,89192.9621950449,4.1869
2014,Nuclear,15378.46248,2.5790395768494183,-0.4610287973415672,false,1990.0,7.7279
2014,Solar fotovoltaica,16.081802,0.002696992880724974,235.4853447090731,true,15.08048,1.0664
2014,Térmica,195212.454579,32.73803521697447,18.539079381874778,false,37826.77,5.1607
2015,Eólica,21625.70216,3.686324024888845,76.67552575316807,true,7632.732,2.8333
2015,Hidráulica,359742.80819400004,61.32187277966848,-3.6676003475950125,true,91650.1977,3.9252
2015,Nuclear,14734.15264,2.5115883156698113,-4.189689579422762,false,1990.0,7.4041
2015,Solar fotovoltaica,58.91741,0.010043080329153402,266.36074738390636,true,21.3469184,2.76
2015,Térmica,190485.22584499998,32.47017179944371,-2.421581524700811,false,39563.47176,4.8147
2016,Eólica,33488.871996,5.730583928591945,54.856807645962704,true,10123.94222,3.3079
2016,Hidráulica,380910.942378,65.18111821971499,5.884241102767107,true,96924.99831,3.93
2016,Nuclear,15864.343667,2.7146914015685075,7.6705532690884315,false,1990.0,7.972
2016,Solar fotovoltaica,85.260589,0.014589710908269528,44.71204521719472,true,23.76142,3.5882
2016,Térmica,154039.055796,26.35901673921628,-19.133331673006836,false,41274.875209999984,3.732
2017,Eólica,42373.258248,7.1146892706441385,26.529368481151504,true,12283.242860000002,3.4497
2017,Hidráulica,370906.456375,62.277112846482716,-2.626463272633417,true,100275.40012999998,3.6989
2017,Nuclear,15739.196438,2.64269250598128,-0.7888585347550325,false,1990.0,7.9091
2017,Solar fotovoltaica,831.8134019999999,0.13966577344017983,875.6130138861695,true,935.3246300000001,0.8893
2017,Térmica,165723.539375,27.82583960345168,7.585403272319602,false,41628.20823999999,3.981
2018,Eólica,48475.141215,7.983349063757938,14.400315716311507,true,14390.29286,3.3686
2018,Hidráulica,388971.075876,64.05947041290291,4.870397694758921,true,104139.37922999999,3.7351
2018,Nuclear,15673.887022,2.5813253586523133,-0.41494758806314147,false,1990.0,7.8763
2018,Solar fotovoltaica,3461.434833,0.5700621357806118,316.1311689229071,true,1797.5802600000002,1.9256
2018,Térmica,150621.538708,24.80579302890623,-9.112767398014054,false,40522.827489999996,3.717
2019,Eólica,55985.62168,8.844038635628248,15.49346794409332,true,15377.85286,3.6407
2019,Hidráulica,397877.05663,62.85256741773077,2.289625451954991,true,109058.17580000003,3.6483
2019,Nuclear,16128.824302,2.5478674880037135,2.9025172847134018,false,1990.0,8.1049
2019,Solar fotovoltaica,6654.579081,1.0512226662874047,92.2491510618019,true,2473.4318999999996,2.6904
2019,Térmica,156386.22387000002,24.704303792349865,3.827264819791565,false,41218.56159,3.7941
2020,Eólica,57050.706317,9.073473037317251,1.9024253103551603,true,17131.16286000002,3.3302
2020,Hidráulica,396381.195392,63.041359539087594,-0.3759606675162064,true,109271.13641,3.6275
2020,Nuclear,14052.59817,2.2349569151916784,-12.872767990550592,false,1990.0,7.0616
2020,Solar fotovoltaica,10748.341462,1.7094404740485323,61.51797628626004,true,3287.114249999999,3.2698
2020,Térmica,150530.875511,23.940770034354948,-3.744158669543318,false,43057.099389999974,3.4961
2021,Eólica,72285.974869,11.012550575378564,26.704785156113296,true,20771.078859999998,3.4801
2021,Hidráulica,362818.451097,55.27429836323242,-8.467289741585304,true,109350.07824000003,3.318
2021,Nuclear,14704.587598,2.240199636326764,4.639636173415185,false,1990.0,7.3892
2021,Solar fotovoltaica,16752.28087,2.5521595394978727,55.8592172497171,true,4632.24556,3.6164
2021,Térmica,189835.00880399998,28.920791885564366,26.110346571476526,false,44866.32528999999,4.2311
2022,Eólica,81631.568663,12.05496193949752,12.92864046025044,true,23744.12386,3.438
2022,Hidráulica,427113.549289,63.07409823004338,17.7210111551936,true,109720.86599000002,3.8927
2022,Nuclear,14559.013213,2.1500058498680636,-0.9899929802846041,false,1990.0,7.3161
2022,Solar fotovoltaica,30126.461567000002,4.448932606712608,79.83498367049529,true,7387.110869999999,4.0782
2022,Térmica,123730.97005599999,18.272001373878428,-34.82183774450729,false,46284.492809999996,2.6733
2023,Eólica,95800.719249,13.528896574441587,17.357440041970264,true,28664.42386,3.3421
2023,Hidráulica,425996.087137,60.15880725293654,-0.2616311643262481,true,109857.35583,3.8777
2023,Nuclear,14503.722891,2.048203484012445,-0.3797669607898402,false,1990.0,7.2883
2023,Solar fotovoltaica,50632.887889000005,7.150333618426642,68.06782229102663,true,11476.974870002703,4.4117
2023,Térmica,121185.820215,17.113759070182777,-2.0570030606307133,false,47335.818009999995,2.5601
2024,Eólica,107654.031769,14.328357079017001,12.372884684917151,true,29532.62386,3.6453
2024,Hidráulica,421799.21623200004,56.13992979649777,-0.9851900127078483,true,109864.43583000002,3.8393
2024,Nuclear,15766.83702,2.0985082222835807,8.708895905504388,false,1990.0,7.923
2024,Solar fotovoltaica,70664.70172900001,9.405212815697848,39.562850698768685,true,12576.265200002708,5.6189
2024,Térmica,135450.702555,18.027992086503797,11.77108205786137,false,46239.04730999999,2.9294
2025,Eólica,116488.27131671723,15.013388949211496,8.206139057265794,true,34689.15385999999,3.3581
2025,Hidráulica,401415.44982235896,51.735734510302464,-4.832575696022512,true,110162.98060999997,3.6438
2025,Nuclear,15834.116232,2.0407526266030476,0.42671343602180833,false,1990.0,7.9568
2025,Solar fotovoltaica,88140.51517683,11.359837531932904,24.73061234284968,true,20051.696570000007,4.3957
2025,Térmica,154017.560831699,19.850286381950085,13.707465466382418,false,49044.92235999999,3.1403
