period,cost_component,share
4T20,Carvão e coque,0.10953757367893478
1T21,Carvão e coque,0.088704561230608
2T21,Carvão e coque,0.07360676238557011
3T21,Carvão e coque,0.07894655099730954
4T21,Carvão e coque,0.08868724112190704
1T22,Carvão e coque,0.13736749986270785
2T22,Carvão e coque,0.17145856839752732
3T22,Carvão e coque,0.18768848428080498
4T22,Carvão e coque,0.1933485334574541
1T23,Carvão e coque,0.22340275079798802
2T23,Carvão e coque,0.1955024300893902
3T23,Carvão e coque,0.13723814764574482
4T23,Carvão e coque,0.09783303426304936
1T24,Carvão e coque,0.15601248827945802
2T24,Carvão e coque,0.1840123236280823
3T24,Carvão e coque,0.18001932133688836
4T24,Carvão e coque,0.16407650979715793
1T25,Carvão e coque,0.1581750975658554
2T25,Carvão e coque,0.1434015477333467
3T25,Carvão e coque,0.1422998802132735
4T25,Carvão e coque,0.13939130211443182
1T26,Carvão e coque,0.136025785049081
2T26,Carvão e coque,0.14065894662212586
4T20,Depreciação e Ociosidade,0.03626374351107185
1T21,Depreciação e Ociosidade,0.031891310569037726
2T21,Depreciação e Ociosidade,0.02561216078480479
3T21,Depreciação e Ociosidade,0.023292678704396903
4T21,Depreciação e Ociosidade,0.023112109470597615
1T22,Depreciação e Ociosidade,0.02102406681109481
2T22,Depreciação e Ociosidade,0.01481720507665963
3T22,Depreciação e Ociosidade,0.009547897662562347
4T22,Depreciação e Ociosidade,0.007808023840368222
1T23,Depreciação e Ociosidade,0.012116600133190929
2T23,Depreciação e Ociosidade,0.015918163253187033
3T23,Depreciação e Ociosidade,0.016771978643676317
4T23,Depreciação e Ociosidade,0.018220724956842963
1T24,Depreciação e Ociosidade,0.026042194617800867
2T24,Depreciação e Ociosidade,0.028889883418138584
3T24,Depreciação e Ociosidade,0.03063077046083472
4T24,Depreciação e Ociosidade,0.03048293698692364
1T25,Depreciação e Ociosidade,0.03137332545495977
2T25,Depreciação e Ociosidade,0.03147399437591682
3T25,Depreciação e Ociosidade,0.03217301892701134
4T25,Depreciação e Ociosidade,0.03468433919997307
1T26,Depreciação e Ociosidade,0.03112701420791885
2T26,Depreciação e Ociosidade,0.023496182982448575
4T20,Energia e Combustíveis,0.07765803330309609
1T21,Energia e Combustíveis,0.07175315104601947
2T21,Energia e Combustíveis,0.06351801609201294
3T21,Energia e Combustíveis,0.060704876582999626
4T21,Energia e Combustíveis,0.06402281227377542
1T22,Energia e Combustíveis,0.07837642780027414
2T22,Energia e Combustíveis,0.08243668321231776
3T22,Energia e Combustíveis,0.08211253070905576
4T22,Energia e Combustíveis,0.08107133972729152
1T23,Energia e Combustíveis,0.08549936250996847
2T23,Energia e Combustíveis,0.08437581357344262
3T23,Energia e Combustíveis,0.08394202835814608
4T23,Energia e Combustíveis,0.07794937015181626
1T24,Energia e Combustíveis,0.08852861959403968
2T24,Energia e Combustíveis,0.08807291670247396
3T24,Energia e Combustíveis,0.08803346910217538
4T24,Energia e Combustíveis,0.08589040654165171
1T25,Energia e Combustíveis,0.0896640321284205
2T25,Energia e Combustíveis,0.08896951819121444
3T25,Energia e Combustíveis,0.0919358608875887
4T25,Energia e Combustíveis,0.08944961614069767
1T26,Energia e Combustíveis,0.07961749303498404
2T26,Energia e Combustíveis,0.08896487723689446
4T20,Manutenção/Custos Gerais,0.0720976449224999
1T21,Manutenção/Custos Gerais,0.06355818933848478
2T21,Manutenção/Custos Gerais,0.05609069334923237
3T21,Manutenção/Custos Gerais,0.057007259083931415
4T21,Manutenção/Custos Gerais,0.06272681889042046
1T22,Manutenção/Custos Gerais,0.07058496158082758
2T22,Manutenção/Custos Gerais,0.07065965447893904
3T22,Manutenção/Custos Gerais,0.06472515954357844
4T22,Manutenção/Custos Gerais,0.06566819158503494
1T23,Manutenção/Custos Gerais,0.07164214032874357
2T23,Manutenção/Custos Gerais,0.07401787737522655
3T23,Manutenção/Custos Gerais,0.07382851312797012
4T23,Manutenção/Custos Gerais,0.06619326507432992
1T24,Manutenção/Custos Gerais,0.06843086522220548
2T24,Manutenção/Custos Gerais,0.06538294946295209
3T24,Manutenção/Custos Gerais,0.06705868868223211
4T24,Manutenção/Custos Gerais,0.0670919307912758
1T25,Manutenção/Custos Gerais,0.06777290967065404
2T25,Manutenção/Custos Gerais,0.06625269612834159
3T25,Manutenção/Custos Gerais,0.06783607382682331
4T25,Manutenção/Custos Gerais,0.06906313226782884
1T26,Manutenção/Custos Gerais,0.06905737010432045
2T26,Manutenção/Custos Gerais,0.07331067725913297
4T20,Mão de Obra Total,0.08895448564556709
1T21,Mão de Obra Total,0.07475040283880395
2T21,Mão de Obra Total,0.06411453866269617
3T21,Mão de Obra Total,0.06151378335156642
4T21,Mão de Obra Total,0.0660982577752014
1T22,Mão de Obra Total,0.07363744436617094
2T22,Mão de Obra Total,0.07263355142856322
3T22,Mão de Obra Total,0.06685994219494987
4T22,Mão de Obra Total,0.06834332238057607
1T23,Mão de Obra Total,0.08554556123288334
2T23,Mão de Obra Total,0.10826667785425585
3T23,Mão de Obra Total,0.12577394267519107
4T23,Mão de Obra Total,0.11194510937198032
1T24,Mão de Obra Total,0.11285764307408905
2T24,Mão de Obra Total,0.10606293875107443
3T24,Mão de Obra Total,0.10471584012691575
4T24,Mão de Obra Total,0.11118361605468578
1T25,Mão de Obra Total,0.1162622148823059
2T25,Mão de Obra Total,0.11741962727175656
3T25,Mão de Obra Total,0.12194499319158278
4T25,Mão de Obra Total,0.13008564026531727
1T26,Mão de Obra Total,0.127920948186352
2T26,Mão de Obra Total,0.12995684011021794
4T20,Minérios,0.136038203667211
1T21,Minérios,0.13729060964495168
2T21,Minérios,0.1290758934856869
3T21,Minérios,0.1571749460333996
4T21,Minérios,0.13472288143067127
1T22,Minérios,0.10914094356771854
2T22,Minérios,0.10233237912343858
3T22,Minérios,0.07910010207189459
4T22,Minérios,0.07430875079916222
1T23,Minérios,0.08255817732179696
2T23,Minérios,0.07515677683309008
3T23,Minérios,0.056493985988821924
4T23,Minérios,0.054049661626314104
1T24,Minérios,0.09938675176718617
2T24,Minérios,0.10700981123504846
3T24,Minérios,0.11364635581485893
4T24,Minérios,0.11256608604087727
1T25,Minérios,0.12200472894166195
2T25,Minérios,0.11382645609916064
3T25,Minérios,0.10608969640363171
4T25,Minérios,0.10935037412992314
1T26,Minérios,0.11160007628431197
2T26,Minérios,0.1147606947147534
4T20,Demais matérias primas,0.3739086685564047
1T21,Demais matérias primas,0.4509703972393261
2T21,Demais matérias primas,0.4983177988951584
3T21,Demais matérias primas,0.48638440288793233
4T21,Demais matérias primas,0.45820389880364154
1T22,Demais matérias primas,0.42641661426662725
2T22,Demais matérias primas,0.38296898170154653
3T22,Demais matérias primas,0.41697699580412934
4T22,Demais matérias primas,0.4019642345166566
1T23,Demais matérias primas,0.37817765488005284
2T23,Demais matérias primas,0.39713199748586137
3T23,Demais matérias primas,0.4569523076504508
4T23,Demais matérias primas,0.41812141710743433
1T24,Demais matérias primas,0.3527763634541754
2T24,Demais matérias primas,0.3321777756236401
3T24,Demais matérias primas,0.3296733621030402
4T24,Demais matérias primas,0.3249182750036412
1T25,Demais matérias primas,0.3573675571014173
2T25,Demais matérias primas,0.3397062866915941
3T25,Demais matérias primas,0.34539729907363254
4T25,Demais matérias primas,0.32754346608766555
1T26,Demais matérias primas,0.36297048865586923
2T26,Demais matérias primas,0.33520325108646964
4T20,Fretes e Seguros,0.035496612405939286
1T21,Fretes e Seguros,0.03554722551593703
2T21,Fretes e Seguros,0.03663786980131461
3T21,Fretes e Seguros,0.03785896188543328
4T21,Fretes e Seguros,0.04103841622522145
1T22,Fretes e Seguros,0.04450268077672932
2T22,Fretes e Seguros,0.03751547255061691
3T22,Fretes e Seguros,0.026204207815550554
4T22,Fretes e Seguros,0.023677167907982244
1T23,Fretes e Seguros,0.03806234535315564
2T23,Fretes e Seguros,0.03773310322900074
3T23,Fretes e Seguros,0.03458161021916805
4T23,Fretes e Seguros,0.03808562044376179
1T24,Fretes e Seguros,0.04347839965395088
2T24,Fretes e Seguros,0.041532198431320846
3T24,Fretes e Seguros,0.040133923620872584
4T24,Fretes e Seguros,0.04291415287824822
1T25,Fretes e Seguros,0.03827555247840697
2T25,Fretes e Seguros,0.044081408523908176
3T25,Fretes e Seguros,0.04351257119113727
4T25,Fretes e Seguros,0.0453692510522045
1T26,Fretes e Seguros,0.04641548306072287
2T26,Fretes e Seguros,0.049225808400862915
4T20,Outros,0.07004503430927533
1T21,Outros,0.045534152576831244
2T21,Outros,0.053026266543523715
3T21,Outros,0.03711654047303092
4T21,Outros,0.06138756400856393
1T22,Outros,0.03894936096784962
2T22,Outros,0.06517750403039102
3T22,Outros,0.06678467991747405
4T22,Outros,0.0838104357854742
1T23,Outros,0.02299540744222006
2T23,Outros,0.01189716030654564
3T23,Outros,0.014417485690830789
4T23,Outros,0.11760179700447093
1T24,Outros,0.05248667433709453
2T24,Outros,0.04685920274726918
3T24,Outros,0.04608826875218208
4T24,Outros,0.0608760859055385
1T25,Outros,0.01910458177631802
2T25,Outros,0.054868464984760945
3T25,Outros,0.04881060628531886
4T25,Outros,0.055062878741958254
1T26,Outros,0.035265341416439555
2T26,Outros,0.04442272158709426
4T20,CPV,3692.3
1T21,CPV,4458.8
2T21,CPV,5701.8
3T21,CPV,5739.328
4T21,CPV,5456.886
1T22,CPV,5819.583
2T22,CPV,6143.946
3T22,CPV,6950.066
4T22,CPV,6455.067
1T23,CPV,6008.852
2T23,CPV,5689.593
3T23,CPV,5964.008
4T23,CPV,6135.544
1T24,CPV,5463.724
2T24,CPV,5553.591
3T24,CPV,5815.265
4T24,CPV,5477.144
1T25,CPV,5553.338
2T25,CPV,5535.468
3T25,CPV,5498.337
4T25,CPV,5131.118
1T26,CPV,4695.134
2T26,CPV,4685.838
4T20,CPV/ton,3258.8702559576345
1T21,CPV/ton,3555.6618819776713
2T21,CPV/ton,4335.969581749049
3T21,CPV/ton,4825.162384884544
4T21,CPV/ton,5127.895601870777
1T22,CPV/ton,5122.87235915493
2T22,CPV/ton,5896.301343570058
3T22,CPV/ton,6663.534036433365
4T22,CPV/ton,6526.862487360971
1T23,CPV/ton,5845.186770428016
2T23,CPV/ton,6027.111228813559
3T23,CPV/ton,5881.664694280079
4T23,CPV/ton,5893.894332372719
1T24,CPV/ton,5242.548793150747
2T24,CPV/ton,5330.350177776527
3T24,CPV/ton,5164.492840042948
4T24,CPV/ton,5179.675769597634
1T25,CPV/ton,5079.941943996312
2T25,CPV/ton,5129.990279949066
3T25,CPV/ton,4981.536466091026
4T25,CPV/ton,4747.240456548274
1T26,CPV/ton,4664.159684007123
2T26,CPV/ton,4736.870606797711
