period,cogs,ebitda,adjusted_ebitda,operating_profit,gross_profit,net_income,ebt,gross_margin,ebitda_margin,adjusted_ebitda_margin,net_margin,operating_margin,revenue
1T17,-1870100.0,528095.0,532769.0,221800.0,480700.0,108318.0,167173.0,0.20448358005785264,0.22464480176961035,0.2266330610855879,0.04607708014293006,0.09435085928194657,2350800.0
2T17,-2187300.0,710527.0,749852.0,382000.0,382200.0,175710.0,210632.0,0.1487448920023351,0.277,0.2918279820976844,0.06838295388207823,0.14866705584744114,2569500.0
3T17,-2379400.0,444149.0,452784.0,157600.0,357700.0,75903.0,92616.0,0.13069053708439898,0.162,0.16543076360979175,0.027732188527584946,0.05758129338691999,2737000.0
4T17,-2662300.0,372950.0,450378.0,122700.00000000004,414500.0,-44851.0,-49471.0,0.13471788871554863,0.121,0.14637870514820592,-0.014577158086323453,0.03987909516380657,3076800.0
1T18,-2632100.0,621866.0,641202.0,364800.0,612100.0,157185.0,230988.0,0.18867517415695703,0.192,0.19764564453486222,0.048451081930830406,0.11244682818568523,3244200.0
2T18,-2621300.0,496728.0,518813.0,240299.99999999994,582800.0,-19050.0,-36182.0,0.18189195093786087,0.155,0.16192160044942416,-0.0059455073187478545,0.07499765924908709,3204100.0
3T18,-3217200.0,685623.0,702762.0,428099.99999999994,644300.0,289131.0,293718.0,0.16685225948465623,0.178,0.18199197203159395,0.0748753075229833,0.11086365402045835,3861500.0
4T18,-3051100.0,367589.0,830293.0,109000.0,375900.0,401429.0,746792.0,0.10968777356288299,0.107,0.24227983659177124,0.11713714619200467,0.03180624452874234,3427000.0
1T19,-3036000.0,474034.0,487512.0,232892.99999999997,496000.0,76278.0,97234.0,0.1404303510758777,0.134,0.13802718006795017,0.021596262740656853,0.06593799546998867,3532000.0
2T19,-3087600.0,570021.0,575882.0,329099.99999999994,606500.0,171246.0,245343.0,0.16418516513264753,0.154,0.15589658906334597,0.04635787763941527,0.0890904168922577,3694000.0
3T19,-3374000.0,452903.0,441169.0,199300.00000000006,475800.0,-138980.0,-245494.0,0.12359083588757858,0.118,0.11459530365213777,-0.03610057665333264,0.05176892306093825,3849800.0
4T19,-3576600.0,447338.0,468447.0,191200.0,296300.0,268147.0,345589.0,0.0765059774329314,0.116,0.1209550982467918,0.06923674765679465,0.04936869012884402,3872900.0
1T20,-3295000.0,539228.0,568941.0,290500.0,512900.0,-423980.0,-567108.0,0.1346936631739279,0.142,0.14941069881036792,-0.11134220961684918,0.07628876808739725,3807900.0
2T20,-2145700.0,208206.0,191639.0,-41899.99999999998,279000.0,-395061.0,-323493.0,0.11506578133377325,0.0858682360607329,0.0790361694230214,-0.16293190910215696,-0.01728048830783189,2424700.0
3T20,-3489300.0,819962.0,825980.0,571500.0,891900.0,198082.0,403679.0,0.20357436318816763,0.187,0.18852825709851181,0.04521181411485438,0.13044371405094496,4381200.0
4T20,-3901500.0,2361292.0,1607060.0,2108500.0,1572800.0,1912702.0,2332895.0,0.2873061395977568,0.431,0.2935644739966754,0.3493966351862339,0.38516339988674353,5474300.0
1T21,-4602500.0,2410901.0,2419761.0,2162300.0,2463400.0,1204897.0,1786523.0,0.3486370970024626,0.341,0.3424610093690736,0.17052520592148093,0.3060233802258768,7065800.0
2T21,-5954000.0,5075773.0,5065644.0,4825200.0,3642300.0,4543209.0,6157380.0,0.37955253587320115,0.529,0.5278747017079499,0.47343340662547023,0.5028187947438075,9596300.0
3T21,-5890273.0,2514733.0,2886314.0,2271271.0,3135376.0,1823743.0,1851251.0,0.3473851021682762,0.2786207396276988,0.31979018904900913,0.2020622561324953,0.25164628050570104,9025649.0
4T21,-6015932.0,2471796.0,2458119.0,2231813.0,2033282.0,2488105.0,2541123.0,0.2526062793211859,0.3070853874676459,0.3053862153497223,0.3091115480343795,0.2772709235957697,8049214.0
1T22,-6129398.0,1553031.0,1559920.0,1330281.0,1715250.0,1263169.0,1831989.0,0.21865225820202513,0.19797331887931746,0.1988514972246046,0.16102303124372183,0.16957816335417472,7844648.0
2T22,-6344153.0,1937320.0,1929894.0,1716837.9999999998,2187307.0,1059930.0,1468772.0,0.2563813227747654,0.2270795385549484,0.22620911309435898,0.12423782095913244,0.20123613074432745,8531460.0
3T22,-7430460.0,866918.0,835626.0,641965.0,1003966.0,608575.0,812850.0,0.11903192938084939,0.10278328365202327,0.09907325050928184,0.07215369486909957,0.07611247048702544,8434426.0
4T22,-6886824.0,-788167.0,579141.0,-1022663.0,773152.0,-838785.0,-834697.0,0.10093399770443146,-0.10289418661363953,0.07560611155961847,-0.10950230131269341,-0.13350733735980375,7659976.0
1T23,-6370461.0,789117.0,782761.0,540447.0,884788.0,544076.0,733891.0,0.12195143130166862,0.10876497829364644,0.10788892290257715,0.07499067227051752,0.07449048268364049,7255249.0
2T23,-6304931.0,392771.0,366359.0,130457.00000000004,582465.0,287357.0,335929.0,0.08456969803972357,0.0570275035731937,0.053192672528194984,0.04172215449786828,0.018941411238732324,6887396.0
3T23,-6538854.0,16860.0,-19914.0,-244654.0,175356.0,-165586.0,-342469.0,0.026117145576322456,0.002511092146358246,-0.0029659483394174446,-0.024662022784512252,-0.03643824068654391,6714210.0
4T23,-6636272.0,662659.0,624562.0,373186.0,145221.0,974521.0,438474.0,0.02141431097842319,0.09771579798135897,0.09209800850638643,0.1437030164301578,0.055030064913434255,6781493.0
1T24,-5823865.0,433863.0,415968.0,131047.0,398954.0,35645.0,-24657.0,0.06411145816711043,0.0697212951236409,0.06684558879183213,0.00572811132703683,0.02105910520617746,6222819.0
2T24,-6021393.0,274621.0,247288.0,-27579.0,328238.0,-99729.0,-224190.0,0.05169402757420077,0.043249914837570874,0.038945255243966144,-0.01570626702559566,-0.0043434020024155735,6349631.0
3T24,-6403416.0,457863.0,426238.0,151174.0,413686.0,184625.0,207002.0,0.06068355732391858,0.06716387696707486,0.06252480892907279,0.027082622498533833,0.02217569870598973,6817102.0
4T24,-5961189.0,559296.0,518280.0,244934.0,519058.0,-117179.0,-53739.0,0.08009849007298642,0.08630782129137979,0.07997843292084392,-0.018082335441843497,0.03779701607052941,6480247.0
1T25,-6084949.0,749448.0,732701.0,438443.0,772795.0,336999.0,458719.0,0.11268939172999166,0.10928491935540317,0.1068428626090446,0.049141379439069176,0.06393399928606258,6857744.0
2T25,-6133190.0,449794.0,408429.0,133578.0,493191.0,127623.0,77555.0,0.07442840971565022,0.06787928433333369,0.061636812009451314,0.019259834289637134,0.020158514881652594,6626381.0
3T25,-6157734.0,-1747170.0,434123.0,-2069853.0,446504.0,-3503338.0,-2142150.0,0.0676087082264449,-0.2645528522745546,0.06573400292357726,-0.5304681630189584,-0.31341284187517165,6604238.0
4T25,-5703648.0,458833.0,417385.0,133946.0,471439.0,128682.0,125121.0,0.07634532112664971,0.07430389239860102,0.06759176024564512,0.02083889668275119,0.02169135430804457,6175087.0
1T26,-5162429.0,654721.0,653157.0,373842.0,708560.0,896150.0,483862.0,0.12068835421084931,0.11151800829468425,0.11125161365487143,0.15264038137356414,0.06367615405172791,5870989.0
2T26,-5324925.0,798602.0,761311.0,579755.0,806453.0,428182.0,534931.0,0.13152883413810076,0.13024837157324176,0.12416637825950382,0.06983454616564172,0.09455541641699468,6131378.0
