ano,fonte,capacidade_mw,participacao_capacidade_pct,crescimento_anual_pct,renovavel
1974,Eólica,0.0,0.0,,True
1975,Eólica,0.0,0.0,,True
1976,Eólica,0.0,0.0,,True
1977,Eólica,0.0,0.0,,True
1978,Eólica,0.0,0.0,,True
1979,Eólica,0.0,0.0,,True
1980,Eólica,0.0,0.0,,True
1981,Eólica,0.0,0.0,,True
1982,Eólica,0.0,0.0,,True
1983,Eólica,0.0,0.0,,True
1984,Eólica,0.0,0.0,,True
1985,Eólica,0.0,0.0,,True
1986,Eólica,0.0,0.0,,True
1987,Eólica,0.0,0.0,,True
1988,Eólica,0.0,0.0,,True
1989,Eólica,0.0,0.0,,True
1990,Eólica,0.0,0.0,,True
1991,Eólica,0.0,0.0,,True
1992,Eólica,0.075,0.00013624083383023393,inf,True
1993,Eólica,0.075,0.00013339837245092385,0.0,True
1994,Eólica,1.075,0.001865361665429599,1333.3333333333335,True
1995,Eólica,1.075,0.0018182871481350084,0.0,True
1996,Eólica,1.075,0.001768046304721547,0.0,True
1997,Eólica,1.075,0.0017070923334483305,0.0,True
1998,Eólica,6.075,0.009316116536566908,465.1162790697675,True
1999,Eólica,18.8,0.027574149528159366,209.4650205761317,True
2000,Eólica,19.025,0.025824264016959177,1.1968085106382809,True
2001,Eólica,21.0,0.028045995432509317,10.381077529566362,True
2002,Eólica,22.0,0.02739180238059664,4.761904761904767,True
2003,Eólica,22.0,0.025624002702167557,0.0,True
2004,Eólica,29.0,0.03198059108954565,31.818181818181813,True
2005,Eólica,29.0,0.03122779057997545,0.0,True
2006,Eólica,237.0,0.24612125366066423,717.2413793103449,True
2007,Eólica,247.0,0.24613360969387754,4.219409282700415,True
2008,Eólica,398.0,0.3865991898901398,61.13360323886641,True
2009,Eólica,602.0,0.5648863139081126,51.256281407035175,True
2010,Eólica,926.9999999999998,0.8179883310920273,53.98671096345511,True
2011,Eólica,1424.9922000000001,1.2165433454886279,53.720841423948265,True
2012,Eólica,1891.8742599999998,1.5638814115546442,32.76383267220688,True
2013,Eólica,2201.744,1.737167918811219,16.378981761716037,True
2014,Eólica,4887.6890300000005,3.649912418756543,121.99170430349761,True
2015,Eólica,7632.732,5.418751959242911,56.16238989737854,True
2016,Eólica,10123.94222,6.734139535337448,32.63851292040649,True
2017,Eólica,12283.242860000002,7.818135540905115,21.32865432335509,True
2018,Eólica,14390.29286,8.837070624221822,17.153857690639175,True
2019,Eólica,15377.85286,9.039520131759302,6.862681736971976,True
2020,Eólica,17131.16286000002,9.803997215409476,11.401526701823418,True
2021,Eólica,20771.078859999998,11.437206087175351,21.247337555227563,True
2022,Eólica,23744.12386,12.554619324983301,14.3133874751463,True
2023,Eólica,28664.42386,14.380777788916651,20.722179639101658,True
2024,Eólica,29532.62386,14.751385578237219,3.028841619982936,True
2025,Eólica,34689.15385999999,16.064348484842185,17.460453309007097,True
1974,Hidráulica,13724.0,75.68521480174269,,True
1975,Hidráulica,16316.0,77.81381152231972,18.886621976100272,True
1976,Hidráulica,17904.0,79.27736450584484,9.732777641578828,True
1977,Hidráulica,19396.0,79.69103085582809,8.333333333333325,True
1978,Hidráulica,21665.0,80.32403974492067,11.698288306867388,True
1979,Hidráulica,24235.0,80.19788874549126,11.86245095776599,True
1980,Hidráulica,27649.0,82.60336998087953,14.087064163400044,True
1981,Hidráulica,31173.0,83.64324237301778,12.745488082751644,True
1982,Hidráulica,33156.0,84.2677781731307,6.36127417957848,True
1983,Hidráulica,34178.0,84.67026705643363,3.082398359271332,True
1984,Hidráulica,34923.0,84.97907338913762,2.1797647609573367,True
1985,Hidráulica,37077.0,84.06148683882377,6.167854995275324,True
1986,Hidráulica,37786.0,84.0566814228194,1.9122366966043636,True
1987,Hidráulica,40329.0,84.79426420806963,6.730005822262219,True
1988,Hidráulica,42228.0,85.18003025718608,4.708770363758097,True
1989,Hidráulica,44796.0,85.93956834532374,6.081273088945727,True
1990,Hidráulica,45558.0,85.87747408105561,1.7010447361371472,True
1991,Hidráulica,46616.0,86.1011063704032,2.322314412397386,True
1992,Hidráulica,47709.0,86.66551921608841,2.344688518963456,True
1993,Hidráulica,48591.0,86.42613754350454,1.8487077909828287,True
1994,Hidráulica,49921.0,86.62392530224282,2.737132390771957,True
1995,Hidráulica,51367.0,86.88367994255904,2.896576591013811,True
1996,Hidráulica,53119.0,87.36451317256173,3.410750092471826,True
1997,Hidráulica,54889.0,87.16334054943759,3.332141041811787,True
1998,Hidráulica,56759.0,87.0408985183541,3.406875694583622,True
1999,Hidráulica,58997.0,86.53149466557542,3.9429870152751123,True
2000,Hidráulica,61063.0,82.88604644770452,3.5018729765920353,True
2001,Hidráulica,62409.0,83.34869185464161,2.204280824722016,True
2002,Hidráulica,64474.0,80.27541212211764,3.3088176384816315,True
2003,Hidráulica,67698.0,78.84971522415178,5.0004653038434155,True
2004,Hidráulica,69088.0,76.18879576532863,2.0532364323909036,True
2005,Hidráulica,71060.0,76.51885512458811,2.8543307086614123,True
2006,Hidráulica,73678.0,76.51359378569796,3.6842105263157787,True
2007,Hidráulica,76869.0,76.59937021683673,4.331007899237216,True
2008,Hidráulica,77545.0,75.32370396992685,0.8794182310164045,True
2009,Hidráulica,78610.0,73.76364308358261,1.3733960925913946,True
2010,Hidráulica,80703.00000000001,71.21263461070109,2.662511130899392,True
2011,Hidráulica,82458.9,70.39675450245426,2.1757555481208612,True
2012,Hidráulica,84294.00000000001,69.68001124217803,2.22547232621344,True
2013,Hidráulica,86018.19054999997,67.86803600130183,2.0454487270742394,True
2014,Hidráulica,89192.9621950449,66.60540357277543,3.6908142623617968,True
2015,Hidráulica,91650.1977,65.06578356896,2.7549656884157336,True
2016,Hidráulica,96924.99831,64.471571340308,5.755361954882066,True
2017,Hidráulica,100275.40012999998,63.824079566789095,3.456695257589004,True
2018,Hidráulica,104139.37922999999,63.95193329082317,3.853366922486101,True
2019,Hidráulica,109058.17580000003,64.10736171376303,4.723282015285002,True
2020,Hidráulica,109271.13641,62.53480431206804,0.19527248501802763,True
2021,Hidráulica,109350.07824000003,60.21157537888377,0.07224399104244217,True
2022,Hidráulica,109720.86599000002,58.01450972181533,0.33908320503091005,True
2023,Hidráulica,109857.35583,55.11480818122318,0.12439734116973522,True
2024,Hidráulica,109864.43583000002,54.87669033224299,0.006444720926079839,True
2025,Hidráulica,110162.98060999997,51.01584540776551,0.27173923731051985,True
1974,Nuclear,0.0,0.0,,False
1975,Nuclear,0.0,0.0,,False
1976,Nuclear,0.0,0.0,,False
1977,Nuclear,0.0,0.0,,False
1978,Nuclear,0.0,0.0,,False
1979,Nuclear,0.0,0.0,,False
1980,Nuclear,0.0,0.0,,False
1981,Nuclear,0.0,0.0,,False
1982,Nuclear,0.0,0.0,,False
1983,Nuclear,0.0,0.0,,False
1984,Nuclear,0.0,0.0,,False
1985,Nuclear,657.0,1.4895594803545922,inf,False
1986,Nuclear,657.0,1.461526483215803,0.0,False
1987,Nuclear,657.0,1.381383906982612,0.0,False
1988,Nuclear,657.0,1.325264750378215,0.0,False
1989,Nuclear,657.0,1.2604316546762588,0.0,False
1990,Nuclear,657.0,1.238454288407163,0.0,False
1991,Nuclear,657.0,1.2134980883249293,0.0,False
1992,Nuclear,657.0,1.1934697043528493,0.0,False
1993,Nuclear,657.0,1.168569742670093,0.0,False
1994,Nuclear,657.0,1.1400396411044156,0.0,False
1995,Nuclear,657.0,1.1112694477439073,0.0,False
1996,Nuclear,657.0,1.0805641136763315,0.0,False
1997,Nuclear,657.0,1.0433113144888868,0.0,False
1998,Nuclear,657.0,1.0075207513620508,0.0,False
1999,Nuclear,657.0,0.9636285234042927,0.0,False
2000,Nuclear,1966.0,2.668620397232155,199.23896499238967,False
2001,Nuclear,1966.0,2.6256393819196817,0.0,False
2002,Nuclear,2007.0,2.4988794262662486,2.085452695829093,False
2003,Nuclear,2007.0,2.3376078828750133,0.0,False
2004,Nuclear,2007.0,2.213277459197177,0.0,False
2005,Nuclear,2007.0,2.161178472207266,0.0,False
2006,Nuclear,2007.0,2.0842420088479034,0.0,False
2007,Nuclear,2007.0,1.9999601403061225,0.0,False
2008,Nuclear,2007.0,1.9495089801746497,0.0,False
2009,Nuclear,2007.0,1.883267162813259,0.0,False
2010,Nuclear,2007.0,1.770984444985652,0.0,False
2011,Nuclear,2007.0,1.7134146379156854,0.0,False
2012,Nuclear,2007.0,1.6590478867185239,0.0,False
2013,Nuclear,1990.0,1.570102681526247,-0.8470353761833582,False
2014,Nuclear,1990.0,1.4860449731446028,0.0,False
2015,Nuclear,1990.0,1.4127728313916164,0.0,False
2016,Nuclear,1990.0,1.323687688462679,0.0,False
2017,Nuclear,1990.0,1.2666109352169215,0.0,False
2018,Nuclear,1990.0,1.2220578631226986,0.0,False
2019,Nuclear,1990.0,1.1697761206307322,0.0,False
2020,Nuclear,1990.0,1.1388575672360888,0.0,False
2021,Nuclear,1990.0,1.0957562804938938,0.0,False
2022,Nuclear,1990.0,1.0522052784101663,0.0,False
2023,Nuclear,1990.0,0.9983716379480071,0.0,False
2024,Nuclear,1990.0,0.9939942160185717,0.0,False
2025,Nuclear,1990.0,0.9215576031013618,0.0,False
1974,Solar fotovoltaica,0.0,0.0,,True
1975,Solar fotovoltaica,0.0,0.0,,True
1976,Solar fotovoltaica,0.0,0.0,,True
1977,Solar fotovoltaica,0.0,0.0,,True
1978,Solar fotovoltaica,0.0,0.0,,True
1979,Solar fotovoltaica,0.0,0.0,,True
1980,Solar fotovoltaica,0.0,0.0,,True
1981,Solar fotovoltaica,0.0,0.0,,True
1982,Solar fotovoltaica,0.0,0.0,,True
1983,Solar fotovoltaica,0.0,0.0,,True
1984,Solar fotovoltaica,0.0,0.0,,True
1985,Solar fotovoltaica,0.0,0.0,,True
1986,Solar fotovoltaica,0.0,0.0,,True
1987,Solar fotovoltaica,0.0,0.0,,True
1988,Solar fotovoltaica,0.0,0.0,,True
1989,Solar fotovoltaica,0.0,0.0,,True
1990,Solar fotovoltaica,0.0,0.0,,True
1991,Solar fotovoltaica,0.0,0.0,,True
1992,Solar fotovoltaica,0.0,0.0,,True
1993,Solar fotovoltaica,0.0,0.0,,True
1994,Solar fotovoltaica,0.0,0.0,,True
1995,Solar fotovoltaica,0.0,0.0,,True
1996,Solar fotovoltaica,0.0,0.0,,True
1997,Solar fotovoltaica,0.0,0.0,,True
1998,Solar fotovoltaica,0.0,0.0,,True
1999,Solar fotovoltaica,0.0,0.0,,True
2000,Solar fotovoltaica,0.0,0.0,,True
2001,Solar fotovoltaica,0.0,0.0,,True
2002,Solar fotovoltaica,0.0,0.0,,True
2003,Solar fotovoltaica,0.0,0.0,,True
2004,Solar fotovoltaica,0.0,0.0,,True
2005,Solar fotovoltaica,0.0,0.0,,True
2006,Solar fotovoltaica,0.0,0.0,,True
2007,Solar fotovoltaica,0.0,0.0,,True
2008,Solar fotovoltaica,0.0,0.0,,True
2009,Solar fotovoltaica,0.0,0.0,,True
2010,Solar fotovoltaica,0.8,0.0007059230473286107,inf,True
2011,Solar fotovoltaica,0.8,0.0006829754411223461,0.0,True
2012,Solar fotovoltaica,2.082,0.0017210451919023252,160.24999999999997,True
2013,Solar fotovoltaica,4.892340000000001,0.0038600382678081013,134.98270893371762,True
2014,Solar fotovoltaica,15.08048,0.011261442963119457,208.24676943957283,True
2015,Solar fotovoltaica,21.3469184,0.015154947914298387,41.553308648000595,True
2016,Solar fotovoltaica,23.76142,0.015805376439392397,11.310773549403752,True
2017,Solar fotovoltaica,935.3246300000001,0.5953228162491062,3836.316221841961,True
2018,Solar fotovoltaica,1797.5802600000002,1.1038930107171583,92.1878460529795,True
2019,Solar fotovoltaica,2473.4318999999996,1.4539505390081913,37.597856131330644,True
2020,Solar fotovoltaica,3287.114249999999,1.8811833859206428,32.896897222033886,True
2021,Solar fotovoltaica,4632.24556,2.550659379477364,40.92134339413367,True
2022,Solar fotovoltaica,7387.110869999999,3.9059080651332225,59.47148686996633,True
2023,Solar fotovoltaica,11476.974870002703,5.75793276364458,55.36486553372531,True
2024,Solar fotovoltaica,12576.265200002708,6.281776315536853,9.578223725776503,True
2025,Solar fotovoltaica,20051.696570000007,9.28582584380151,59.44078986180801,True
1974,Térmica,4409.0,24.314785198257322,,False
1975,Térmica,4652.0,22.186188477680275,5.511453844409164,False
1976,Térmica,4680.0,20.722635494155153,0.6018916595012858,False
1977,Térmica,4943.0,20.308969144171904,5.619658119658122,False
1978,Térmica,5307.0,19.675960255079342,7.363949018814475,False
1979,Térmica,5984.0,19.802111254508752,12.756736385905398,False
1980,Térmica,5823.0,17.396630019120458,-2.69050802139037,False
1981,Térmica,6096.0,16.35675762698221,4.688304997424009,False
1982,Térmica,6190.0,15.732221826869313,1.5419947506561726,False
1983,Térmica,6188.0,15.329732943566368,-0.03231017770597422,False
1984,Térmica,6173.0,15.02092661086237,-0.2424046541693592,False
1985,Térmica,6373.0,14.448953680821639,3.239915762190182,False
1986,Térmica,6510.0,14.481792093964806,2.1496940216538585,False
1987,Térmica,6575.0,13.824351884947752,0.9984639016897168,False
1988,Térmica,6690.0,13.494704992435702,1.7490494296577896,False
1989,Térmica,6672.0,12.8,-0.2690582959641308,False
1990,Térmica,6835.0,12.884071630537228,2.443045563549151,False
1991,Térmica,6868.0,12.685395541271866,0.48280907095830106,False
1992,Térmica,6683.5,12.140874838724914,-2.686371578334301,False
1993,Térmica,6974.5,12.405159315452913,4.354006134510358,False
1994,Térmica,7050.5,12.23416969498734,1.0896838483045457,False
1995,Térmica,7096.5,12.003232322548918,0.6524359974469984,False
1996,Térmica,7024.5,11.553154667457218,-1.0145846544071024,False
1997,Térmica,7425.5,11.791641043740073,5.7085913588155845,False
1998,Térmica,7787.5,11.942264613747291,4.875092586357832,False
1999,Térmica,8507.0,12.477302661492113,9.239165329052978,False
2000,Térmica,10623.0,14.419508891046378,24.873633478311973,False
2001,Térmica,10481.0,13.997622768006195,-1.336722206532992,False
2002,Térmica,13813.0,17.19831664923552,31.790859650796687,False
2003,Térmica,16130.0,18.787052890271035,16.774053427930212,False
2004,Térmica,19556.0,21.56594618438465,21.23992560446373,False
2005,Térmica,19770.0,21.28873861262464,1.0942933115156483,False
2006,Térmica,20372.0,21.156042951793467,3.0450177035912906,False
2007,Térmica,21229.0,21.154536033163264,4.2067543687414055,False
2008,Térmica,22999.0,22.340187860008353,8.337651326016292,False
2009,Térmica,25351.116000000053,23.78820343969602,10.227035958085363,False
2010,Térmica,29689.0,26.1976866901739,17.11121514334888,False
2011,Térmica,31242.827115269312,26.672604538700313,5.233679528678348,False
2012,Térmica,32778.043739999994,27.095338414356917,4.913821079848346,False
2013,Térmica,36528.47617000014,28.820833360092884,11.441904403292336,False
2014,Térmica,37826.77,28.247377592360333,3.5541965231665307,False
2015,Térmica,39563.47176,28.087536692491184,4.591197609523645,False
2016,Térmica,41274.875209999984,27.454796059452462,4.325716055410167,False
2017,Térmica,41628.20823999999,26.495851140839775,0.8560486935510037,False
2018,Térmica,40522.827489999996,24.885045211115145,-2.6553647075731046,False
2019,Térmica,41218.56159,24.229391494838744,1.7168942620592986,False
2020,Térmica,43057.099389999974,24.641157519365752,4.460460843558467,False
2021,Térmica,44866.32528999999,24.70480287396961,4.201922390573798,False
2022,Térmica,46284.492809999996,24.47275760965798,3.160872905978973,False
2023,Térmica,47335.818009999995,23.74810962826757,2.2714415480703964,False
2024,Térmica,46239.04730999999,23.096153557964364,-2.3169995705330515,False
2025,Térmica,49044.92235999999,22.712422660489434,6.06819390371216,False
