ano,fonte,geracao_gwh,participacao_geracao_pct,crescimento_anual_pct_x,renovavel,capacidade_mw,participacao_capacidade_pct,crescimento_anual_pct_y
2011,Eólica,2704.5,0.6054442353289284,,True,1424.9922000000001,1.2165433454886279,53.720841423948265
2011,Hidráulica,428332.919871,95.8889617812922,,True,82458.9,70.39675450245426,2.1757555481208612
2011,Nuclear,15659.376,3.5055939833788776,,False,2007.0,1.7134146379156854,0.0
2011,Solar fotovoltaica,0.0,0.0,,True,0.8,0.0006829754411223461,0.0
2012,Eólica,5050.046375,1.157120383751609,86.72754205953042,True,1891.8742599999998,1.5638814115546442,32.76383267220688
2012,Hidráulica,415342.175458,95.16762060510564,-3.0328615453868,True,84294.00000000001,69.68001124217803,2.22547232621344
2012,Nuclear,16038.4,3.6748889385717383,2.4204285023873284,False,2007.0,1.6590478867185239,0.0
2012,Solar fotovoltaica,1.615116,0.000370072571011462,inf,True,2.082,0.0017210451919023252,160.24999999999997
2013,Eólica,6578.409847,1.1393868829709946,30.264345285344028,True,2201.744,1.737167918811219,16.378981761716037
2013,Hidráulica,390649.181802,67.66081225412438,-5.945217007825154,True,86018.19054999997,67.86803600130183,2.0454487270742394
2013,Nuclear,15449.69,2.6759010978915896,-3.6706279928172325,False,1990.0,1.570102681526247,-0.8470353761833582
2013,Solar fotovoltaica,4.793593,0.0008302548964765921,196.79558619938135,True,4.892340000000001,0.0038600382678081013,134.98270893371762
2013,Térmica,164681.939152,28.523069510116567,,False,36528.47617000014,28.820833360092884,11.441904403292336
2014,Eólica,12240.349685,2.05276348745179,86.0685176157283,True,4887.6890300000005,3.649912418756543,121.99170430349761
2014,Hidráulica,373439.060474,62.627464725843595,-4.405518334535485,True,89192.9621950449,66.60540357277543,3.6908142623617968
2014,Nuclear,15378.46248,2.5790395768494183,-0.4610287973415672,False,1990.0,1.4860449731446028,0.0
2014,Solar fotovoltaica,16.081802,0.002696992880724974,235.4853447090731,True,15.08048,0.011261442963119457,208.24676943957283
2014,Térmica,195212.454579,32.73803521697447,18.539079381874778,False,37826.77,28.247377592360333,3.5541965231665307
2015,Eólica,21625.70216,3.686324024888845,76.67552575316807,True,7632.732,5.418751959242911,56.16238989737854
2015,Hidráulica,359742.80819400004,61.32187277966848,-3.6676003475950125,True,91650.1977,65.06578356896,2.7549656884157336
2015,Nuclear,14734.15264,2.5115883156698113,-4.189689579422762,False,1990.0,1.4127728313916164,0.0
2015,Solar fotovoltaica,58.91741,0.010043080329153402,266.36074738390636,True,21.3469184,0.015154947914298387,41.553308648000595
2015,Térmica,190485.22584499998,32.47017179944371,-2.421581524700811,False,39563.47176,28.087536692491184,4.591197609523645
2016,Eólica,33488.871996,5.730583928591945,54.856807645962704,True,10123.94222,6.734139535337448,32.63851292040649
2016,Hidráulica,380910.942378,65.18111821971499,5.884241102767107,True,96924.99831,64.471571340308,5.755361954882066
2016,Nuclear,15864.343667,2.7146914015685075,7.6705532690884315,False,1990.0,1.323687688462679,0.0
2016,Solar fotovoltaica,85.260589,0.014589710908269528,44.71204521719472,True,23.76142,0.015805376439392397,11.310773549403752
2016,Térmica,154039.055796,26.35901673921628,-19.133331673006836,False,41274.875209999984,27.454796059452462,4.325716055410167
2017,Eólica,42373.258248,7.1146892706441385,26.529368481151504,True,12283.242860000002,7.818135540905115,21.32865432335509
2017,Hidráulica,370906.456375,62.277112846482716,-2.626463272633417,True,100275.40012999998,63.824079566789095,3.456695257589004
2017,Nuclear,15739.196438,2.64269250598128,-0.7888585347550325,False,1990.0,1.2666109352169215,0.0
2017,Solar fotovoltaica,831.8134019999999,0.13966577344017983,875.6130138861695,True,935.3246300000001,0.5953228162491062,3836.316221841961
2017,Térmica,165723.539375,27.82583960345168,7.585403272319602,False,41628.20823999999,26.495851140839775,0.8560486935510037
2018,Eólica,48475.141215,7.983349063757938,14.400315716311507,True,14390.29286,8.837070624221822,17.153857690639175
2018,Hidráulica,388971.075876,64.05947041290291,4.870397694758921,True,104139.37922999999,63.95193329082317,3.853366922486101
2018,Nuclear,15673.887022,2.5813253586523133,-0.41494758806314147,False,1990.0,1.2220578631226986,0.0
2018,Solar fotovoltaica,3461.434833,0.5700621357806118,316.1311689229071,True,1797.5802600000002,1.1038930107171583,92.1878460529795
2018,Térmica,150621.538708,24.80579302890623,-9.112767398014054,False,40522.827489999996,24.885045211115145,-2.6553647075731046
2019,Eólica,55985.62168,8.844038635628248,15.49346794409332,True,15377.85286,9.039520131759302,6.862681736971976
2019,Hidráulica,397877.05663,62.85256741773077,2.289625451954991,True,109058.17580000003,64.10736171376303,4.723282015285002
2019,Nuclear,16128.824302,2.5478674880037135,2.9025172847134018,False,1990.0,1.1697761206307322,0.0
2019,Solar fotovoltaica,6654.579081,1.0512226662874047,92.2491510618019,True,2473.4318999999996,1.4539505390081913,37.597856131330644
2019,Térmica,156386.22387000002,24.704303792349865,3.827264819791565,False,41218.56159,24.229391494838744,1.7168942620592986
2020,Eólica,57050.706317,9.073473037317251,1.9024253103551603,True,17131.16286000002,9.803997215409476,11.401526701823418
2020,Hidráulica,396381.195392,63.041359539087594,-0.3759606675162064,True,109271.13641,62.53480431206804,0.19527248501802763
2020,Nuclear,14052.59817,2.2349569151916784,-12.872767990550592,False,1990.0,1.1388575672360888,0.0
2020,Solar fotovoltaica,10748.341462,1.7094404740485323,61.51797628626004,True,3287.114249999999,1.8811833859206428,32.896897222033886
2020,Térmica,150530.875511,23.940770034354948,-3.744158669543318,False,43057.099389999974,24.641157519365752,4.460460843558467
2021,Eólica,72285.974869,11.012550575378564,26.704785156113296,True,20771.078859999998,11.437206087175351,21.247337555227563
2021,Hidráulica,362818.451097,55.27429836323242,-8.467289741585304,True,109350.07824000003,60.21157537888377,0.07224399104244217
2021,Nuclear,14704.587598,2.240199636326764,4.639636173415185,False,1990.0,1.0957562804938938,0.0
2021,Solar fotovoltaica,16752.28087,2.5521595394978727,55.8592172497171,True,4632.24556,2.550659379477364,40.92134339413367
2021,Térmica,189835.00880399998,28.920791885564366,26.110346571476526,False,44866.32528999999,24.70480287396961,4.201922390573798
2022,Eólica,81631.568663,12.05496193949752,12.92864046025044,True,23744.12386,12.554619324983301,14.3133874751463
2022,Hidráulica,427113.549289,63.07409823004338,17.7210111551936,True,109720.86599000002,58.01450972181533,0.33908320503091005
2022,Nuclear,14559.013213,2.1500058498680636,-0.9899929802846041,False,1990.0,1.0522052784101663,0.0
2022,Solar fotovoltaica,30126.461567000002,4.448932606712608,79.83498367049529,True,7387.110869999999,3.9059080651332225,59.47148686996633
2022,Térmica,123730.97005599999,18.272001373878428,-34.82183774450729,False,46284.492809999996,24.47275760965798,3.160872905978973
2023,Eólica,95800.719249,13.528896574441587,17.357440041970264,True,28664.42386,14.380777788916651,20.722179639101658
2023,Hidráulica,425996.087137,60.15880725293654,-0.2616311643262481,True,109857.35583,55.11480818122318,0.12439734116973522
2023,Nuclear,14503.722891,2.048203484012445,-0.3797669607898402,False,1990.0,0.9983716379480071,0.0
2023,Solar fotovoltaica,50632.887889000005,7.150333618426642,68.06782229102663,True,11476.974870002703,5.75793276364458,55.36486553372531
2023,Térmica,121185.820215,17.113759070182777,-2.0570030606307133,False,47335.818009999995,23.74810962826757,2.2714415480703964
2024,Eólica,107654.031769,14.328357079017001,12.372884684917151,True,29532.62386,14.751385578237219,3.028841619982936
2024,Hidráulica,421799.21623200004,56.13992979649777,-0.9851900127078483,True,109864.43583000002,54.87669033224299,0.006444720926079839
2024,Nuclear,15766.83702,2.0985082222835807,8.708895905504388,False,1990.0,0.9939942160185717,0.0
2024,Solar fotovoltaica,70664.70172900001,9.405212815697848,39.562850698768685,True,12576.265200002708,6.281776315536853,9.578223725776503
2024,Térmica,135450.702555,18.027992086503797,11.77108205786137,False,46239.04730999999,23.096153557964364,-2.3169995705330515
2025,Eólica,116488.27131671723,15.013388949211496,8.206139057265794,True,34689.15385999999,16.064348484842185,17.460453309007097
2025,Hidráulica,401415.44982235896,51.735734510302464,-4.832575696022512,True,110162.98060999997,51.01584540776551,0.27173923731051985
2025,Nuclear,15834.116232,2.0407526266030476,0.42671343602180833,False,1990.0,0.9215576031013618,0.0
2025,Solar fotovoltaica,88140.51517683,11.359837531932904,24.73061234284968,True,20051.696570000007,9.28582584380151,59.44078986180801
2025,Térmica,154017.560831699,19.850286381950085,13.707465466382418,False,49044.92235999999,22.712422660489434,6.06819390371216
